SET NAMES utf8mb4;
SET FOREIGN_KEY_CHECKS = 0;
TRUNCATE TABLE `image`;
TRUNCATE TABLE `movie_tag`;
TRUNCATE TABLE `movie`;
DELETE FROM `director` WHERE id >= 100;
SET FOREIGN_KEY_CHECKS = 1;

-- Seeding Directors --
INSERT INTO `director` (`id`, `firstname`, `lastname`, `gender`, `birthday`, `email`, `mobile`, `address`, `zip_code`, `town`, `country`, `job`, `newsletter`, `created_at`, `updated_at`) VALUES (100, 'Alessandro', 'Cannarozzi, CarloDi Piazza, Silvia Perizzolo', 'M.', '1985-01-01 00:00:00', 'alessandro.cannarozzi,_carlodi_piazza,_silvia_perizzolo@marsaifilms.com', '', '', '', '', 'Italie', 'Réalisateur', 1, NOW(), NOW());
INSERT INTO `director` (`id`, `firstname`, `lastname`, `gender`, `birthday`, `email`, `mobile`, `address`, `zip_code`, `town`, `country`, `job`, `newsletter`, `created_at`, `updated_at`) VALUES (101, 'Smeyers', 'Anthony', 'M.', '1985-01-01 00:00:00', 'smeyers.anthony@marsaifilms.com', '', '', '', '', 'France', 'Réalisateur', 1, NOW(), NOW());
INSERT INTO `director` (`id`, `firstname`, `lastname`, `gender`, `birthday`, `email`, `mobile`, `address`, `zip_code`, `town`, `country`, `job`, `newsletter`, `created_at`, `updated_at`) VALUES (102, 'Carmen', 'Moreno', 'M.', '1985-01-01 00:00:00', 'carmen.moreno@marsaifilms.com', '', '', '', '', 'France', 'Réalisateur', 1, NOW(), NOW());
INSERT INTO `director` (`id`, `firstname`, `lastname`, `gender`, `birthday`, `email`, `mobile`, `address`, `zip_code`, `town`, `country`, `job`, `newsletter`, `created_at`, `updated_at`) VALUES (103, 'Pietro', 'Maria Vincenti trabace', 'M.', '1985-01-01 00:00:00', 'pietro.maria_vincenti_trabace@marsaifilms.com', '', '', '', '', 'Italie', 'Réalisateur', 1, NOW(), NOW());
INSERT INTO `director` (`id`, `firstname`, `lastname`, `gender`, `birthday`, `email`, `mobile`, `address`, `zip_code`, `town`, `country`, `job`, `newsletter`, `created_at`, `updated_at`) VALUES (104, 'Alina', 'Mitrokhova', 'M.', '1985-01-01 00:00:00', 'alina.mitrokhova@marsaifilms.com', '', '', '', '', 'Royaume-Uni', 'Réalisateur', 1, NOW(), NOW());
INSERT INTO `director` (`id`, `firstname`, `lastname`, `gender`, `birthday`, `email`, `mobile`, `address`, `zip_code`, `town`, `country`, `job`, `newsletter`, `created_at`, `updated_at`) VALUES (105, 'Hugo', 'ROBLIN', 'M.', '1985-01-01 00:00:00', 'hugo.roblin@marsaifilms.com', '', '', '', '', 'France', 'Réalisateur', 1, NOW(), NOW());
INSERT INTO `director` (`id`, `firstname`, `lastname`, `gender`, `birthday`, `email`, `mobile`, `address`, `zip_code`, `town`, `country`, `job`, `newsletter`, `created_at`, `updated_at`) VALUES (106, 'Jan', 'De Loore', 'M.', '1985-01-01 00:00:00', 'jan.de_loore@marsaifilms.com', '', '', '', '', 'Belgique', 'Réalisateur', 1, NOW(), NOW());
INSERT INTO `director` (`id`, `firstname`, `lastname`, `gender`, `birthday`, `email`, `mobile`, `address`, `zip_code`, `town`, `country`, `job`, `newsletter`, `created_at`, `updated_at`) VALUES (107, 'Christian', 'Luoma', 'M.', '1985-01-01 00:00:00', 'christian.luoma@marsaifilms.com', '', '', '', '', 'FI', 'Réalisateur', 1, NOW(), NOW());
INSERT INTO `director` (`id`, `firstname`, `lastname`, `gender`, `birthday`, `email`, `mobile`, `address`, `zip_code`, `town`, `country`, `job`, `newsletter`, `created_at`, `updated_at`) VALUES (108, 'Soegimitro', 'BOOM', 'M.', '1985-01-01 00:00:00', 'soegimitro.boom@marsaifilms.com', '', '', '', '', 'ID', 'Réalisateur', 1, NOW(), NOW());
INSERT INTO `director` (`id`, `firstname`, `lastname`, `gender`, `birthday`, `email`, `mobile`, `address`, `zip_code`, `town`, `country`, `job`, `newsletter`, `created_at`, `updated_at`) VALUES (109, 'Emile', 'Benard', 'M.', '1985-01-01 00:00:00', 'emile.benard@marsaifilms.com', '', '', '', '', 'France', 'Réalisateur', 1, NOW(), NOW());
INSERT INTO `director` (`id`, `firstname`, `lastname`, `gender`, `birthday`, `email`, `mobile`, `address`, `zip_code`, `town`, `country`, `job`, `newsletter`, `created_at`, `updated_at`) VALUES (110, 'Harish', 'Shamsudeen', 'M.', '1985-01-01 00:00:00', 'harish.shamsudeen@marsaifilms.com', '', '', '', '', 'Canada', 'Réalisateur', 1, NOW(), NOW());
INSERT INTO `director` (`id`, `firstname`, `lastname`, `gender`, `birthday`, `email`, `mobile`, `address`, `zip_code`, `town`, `country`, `job`, `newsletter`, `created_at`, `updated_at`) VALUES (111, 'Laurie', 'Zingaretti', 'M.', '1985-01-01 00:00:00', 'laurie.zingaretti@marsaifilms.com', '', '', '', '', 'France', 'Réalisateur', 1, NOW(), NOW());
INSERT INTO `director` (`id`, `firstname`, `lastname`, `gender`, `birthday`, `email`, `mobile`, `address`, `zip_code`, `town`, `country`, `job`, `newsletter`, `created_at`, `updated_at`) VALUES (112, 'Henri', 'Kang', 'M.', '1985-01-01 00:00:00', 'henri.kang@marsaifilms.com', '', '', '', '', 'SG', 'Réalisateur', 1, NOW(), NOW());
INSERT INTO `director` (`id`, `firstname`, `lastname`, `gender`, `birthday`, `email`, `mobile`, `address`, `zip_code`, `town`, `country`, `job`, `newsletter`, `created_at`, `updated_at`) VALUES (113, 'Luis', 'Nunes', 'M.', '1985-01-01 00:00:00', 'luis.nunes@marsaifilms.com', '', '', '', '', 'PT', 'Réalisateur', 1, NOW(), NOW());
INSERT INTO `director` (`id`, `firstname`, `lastname`, `gender`, `birthday`, `email`, `mobile`, `address`, `zip_code`, `town`, `country`, `job`, `newsletter`, `created_at`, `updated_at`) VALUES (114, 'Laurent', 'A CLIQUET', 'M.', '1985-01-01 00:00:00', 'laurent.a_cliquet@marsaifilms.com', '', '', '', '', 'Suisse', 'Réalisateur', 1, NOW(), NOW());
INSERT INTO `director` (`id`, `firstname`, `lastname`, `gender`, `birthday`, `email`, `mobile`, `address`, `zip_code`, `town`, `country`, `job`, `newsletter`, `created_at`, `updated_at`) VALUES (115, 'Fabio', 'Landi', 'M.', '1985-01-01 00:00:00', 'fabio.landi@marsaifilms.com', '', '', '', '', 'Italie', 'Réalisateur', 1, NOW(), NOW());
INSERT INTO `director` (`id`, `firstname`, `lastname`, `gender`, `birthday`, `email`, `mobile`, `address`, `zip_code`, `town`, `country`, `job`, `newsletter`, `created_at`, `updated_at`) VALUES (116, 'Seif', 'Abdalla', 'M.', '1985-01-01 00:00:00', 'seif.abdalla@marsaifilms.com', '', '', '', '', 'États-Unis', 'Réalisateur', 1, NOW(), NOW());
INSERT INTO `director` (`id`, `firstname`, `lastname`, `gender`, `birthday`, `email`, `mobile`, `address`, `zip_code`, `town`, `country`, `job`, `newsletter`, `created_at`, `updated_at`) VALUES (117, 'Jonathan', 'Wilson', 'M.', '1985-01-01 00:00:00', 'jonathan.wilson@marsaifilms.com', '', '', '', '', 'États-Unis', 'Réalisateur', 1, NOW(), NOW());
INSERT INTO `director` (`id`, `firstname`, `lastname`, `gender`, `birthday`, `email`, `mobile`, `address`, `zip_code`, `town`, `country`, `job`, `newsletter`, `created_at`, `updated_at`) VALUES (118, 'Robert', 'Gaudette', 'M.', '1985-01-01 00:00:00', 'robert.gaudette@marsaifilms.com', '', '', '', '', 'Canada', 'Réalisateur', 1, NOW(), NOW());
INSERT INTO `director` (`id`, `firstname`, `lastname`, `gender`, `birthday`, `email`, `mobile`, `address`, `zip_code`, `town`, `country`, `job`, `newsletter`, `created_at`, `updated_at`) VALUES (119, 'Cassie', 'Quarless', 'M.', '1985-01-01 00:00:00', 'cassie.quarless@marsaifilms.com', '', '', '', '', 'Royaume-Uni', 'Réalisateur', 1, NOW(), NOW());
INSERT INTO `director` (`id`, `firstname`, `lastname`, `gender`, `birthday`, `email`, `mobile`, `address`, `zip_code`, `town`, `country`, `job`, `newsletter`, `created_at`, `updated_at`) VALUES (120, 'Roxanne', 'Ducharme', 'M.', '1985-01-01 00:00:00', 'roxanne.ducharme@marsaifilms.com', '', '', '', '', 'PA', 'Réalisateur', 1, NOW(), NOW());
INSERT INTO `director` (`id`, `firstname`, `lastname`, `gender`, `birthday`, `email`, `mobile`, `address`, `zip_code`, `town`, `country`, `job`, `newsletter`, `created_at`, `updated_at`) VALUES (121, 'Jianji', 'Li', 'M.', '1985-01-01 00:00:00', 'jianji.li@marsaifilms.com', '', '', '', '', 'Chine', 'Réalisateur', 1, NOW(), NOW());
INSERT INTO `director` (`id`, `firstname`, `lastname`, `gender`, `birthday`, `email`, `mobile`, `address`, `zip_code`, `town`, `country`, `job`, `newsletter`, `created_at`, `updated_at`) VALUES (122, 'Johannes', 'Westphal', 'M.', '1985-01-01 00:00:00', 'johannes.westphal@marsaifilms.com', '', '', '', '', 'Allemagne', 'Réalisateur', 1, NOW(), NOW());
INSERT INTO `director` (`id`, `firstname`, `lastname`, `gender`, `birthday`, `email`, `mobile`, `address`, `zip_code`, `town`, `country`, `job`, `newsletter`, `created_at`, `updated_at`) VALUES (123, 'Kamal', 'Tahtah', 'M.', '1985-01-01 00:00:00', 'kamal.tahtah@marsaifilms.com', '', '', '', '', 'MA', 'Réalisateur', 1, NOW(), NOW());
INSERT INTO `director` (`id`, `firstname`, `lastname`, `gender`, `birthday`, `email`, `mobile`, `address`, `zip_code`, `town`, `country`, `job`, `newsletter`, `created_at`, `updated_at`) VALUES (124, 'Erwan', 'Compin', 'M.', '1985-01-01 00:00:00', 'erwan.compin@marsaifilms.com', '', '', '', '', 'France', 'Réalisateur', 1, NOW(), NOW());
INSERT INTO `director` (`id`, `firstname`, `lastname`, `gender`, `birthday`, `email`, `mobile`, `address`, `zip_code`, `town`, `country`, `job`, `newsletter`, `created_at`, `updated_at`) VALUES (125, 'Jean-Luc', 'Ithié', 'M.', '1985-01-01 00:00:00', 'jean-luc.ithié@marsaifilms.com', '', '', '', '', 'France', 'Réalisateur', 1, NOW(), NOW());
INSERT INTO `director` (`id`, `firstname`, `lastname`, `gender`, `birthday`, `email`, `mobile`, `address`, `zip_code`, `town`, `country`, `job`, `newsletter`, `created_at`, `updated_at`) VALUES (126, 'Aurélie', 'Guilbeau', 'M.', '1985-01-01 00:00:00', 'aurélie.guilbeau@marsaifilms.com', '', '', '', '', 'France', 'Réalisateur', 1, NOW(), NOW());
INSERT INTO `director` (`id`, `firstname`, `lastname`, `gender`, `birthday`, `email`, `mobile`, `address`, `zip_code`, `town`, `country`, `job`, `newsletter`, `created_at`, `updated_at`) VALUES (127, 'SENA', 'BYMPE', 'M.', '1985-01-01 00:00:00', 'sena.bympe@marsaifilms.com', '', '', '', '', 'Togo', 'Réalisateur', 1, NOW(), NOW());
INSERT INTO `director` (`id`, `firstname`, `lastname`, `gender`, `birthday`, `email`, `mobile`, `address`, `zip_code`, `town`, `country`, `job`, `newsletter`, `created_at`, `updated_at`) VALUES (128, 'Alan', 'Mahirma Lars', 'M.', '1985-01-01 00:00:00', 'alan.mahirma_lars@marsaifilms.com', '', '', '', '', 'ID', 'Réalisateur', 1, NOW(), NOW());
INSERT INTO `director` (`id`, `firstname`, `lastname`, `gender`, `birthday`, `email`, `mobile`, `address`, `zip_code`, `town`, `country`, `job`, `newsletter`, `created_at`, `updated_at`) VALUES (129, 'Estelle', 'Cortet', 'M.', '1985-01-01 00:00:00', 'estelle.cortet@marsaifilms.com', '', '', '', '', 'Allemagne', 'Réalisateur', 1, NOW(), NOW());
INSERT INTO `director` (`id`, `firstname`, `lastname`, `gender`, `birthday`, `email`, `mobile`, `address`, `zip_code`, `town`, `country`, `job`, `newsletter`, `created_at`, `updated_at`) VALUES (130, 'Sidney', 'Le Bour', 'M.', '1985-01-01 00:00:00', 'sidney.le_bour@marsaifilms.com', '', '', '', '', 'France', 'Réalisateur', 1, NOW(), NOW());
INSERT INTO `director` (`id`, `firstname`, `lastname`, `gender`, `birthday`, `email`, `mobile`, `address`, `zip_code`, `town`, `country`, `job`, `newsletter`, `created_at`, `updated_at`) VALUES (131, 'Felipe', 'Valério', 'M.', '1985-01-01 00:00:00', 'felipe.valério@marsaifilms.com', '', '', '', '', 'BR', 'Réalisateur', 1, NOW(), NOW());
INSERT INTO `director` (`id`, `firstname`, `lastname`, `gender`, `birthday`, `email`, `mobile`, `address`, `zip_code`, `town`, `country`, `job`, `newsletter`, `created_at`, `updated_at`) VALUES (132, 'mr.press', 'presotto', 'M.', '1985-01-01 00:00:00', 'mr.press.presotto@marsaifilms.com', '', '', '', '', 'BR', 'Réalisateur', 1, NOW(), NOW());
INSERT INTO `director` (`id`, `firstname`, `lastname`, `gender`, `birthday`, `email`, `mobile`, `address`, `zip_code`, `town`, `country`, `job`, `newsletter`, `created_at`, `updated_at`) VALUES (133, 'Elena', 'M L Albanese', 'M.', '1985-01-01 00:00:00', 'elena.m_l_albanese@marsaifilms.com', '', '', '', '', 'France', 'Réalisateur', 1, NOW(), NOW());
INSERT INTO `director` (`id`, `firstname`, `lastname`, `gender`, `birthday`, `email`, `mobile`, `address`, `zip_code`, `town`, `country`, `job`, `newsletter`, `created_at`, `updated_at`) VALUES (134, 'JEAN-BAPTISTE', 'LEFOURNIER', 'M.', '1985-01-01 00:00:00', 'jean-baptiste.lefournier@marsaifilms.com', '', '', '', '', 'France', 'Réalisateur', 1, NOW(), NOW());
INSERT INTO `director` (`id`, `firstname`, `lastname`, `gender`, `birthday`, `email`, `mobile`, `address`, `zip_code`, `town`, `country`, `job`, `newsletter`, `created_at`, `updated_at`) VALUES (135, 'Jean-Baptiste', 'COURSAULT', 'M.', '1985-01-01 00:00:00', 'jean-baptiste.coursault@marsaifilms.com', '', '', '', '', 'France', 'Réalisateur', 1, NOW(), NOW());
INSERT INTO `director` (`id`, `firstname`, `lastname`, `gender`, `birthday`, `email`, `mobile`, `address`, `zip_code`, `town`, `country`, `job`, `newsletter`, `created_at`, `updated_at`) VALUES (136, 'Kenneth', 'Russo', 'M.', '1985-01-01 00:00:00', 'kenneth.russo@marsaifilms.com', '', '', '', '', 'Espagne', 'Réalisateur', 1, NOW(), NOW());
INSERT INTO `director` (`id`, `firstname`, `lastname`, `gender`, `birthday`, `email`, `mobile`, `address`, `zip_code`, `town`, `country`, `job`, `newsletter`, `created_at`, `updated_at`) VALUES (137, 'Cristián', 'Parodi', 'M.', '1985-01-01 00:00:00', 'cristián.parodi@marsaifilms.com', '', '', '', '', 'AR', 'Réalisateur', 1, NOW(), NOW());
INSERT INTO `director` (`id`, `firstname`, `lastname`, `gender`, `birthday`, `email`, `mobile`, `address`, `zip_code`, `town`, `country`, `job`, `newsletter`, `created_at`, `updated_at`) VALUES (138, 'SYLVAIN', 'BOÏDO', 'M.', '1985-01-01 00:00:00', 'sylvain.boïdo@marsaifilms.com', '', '', '', '', 'France', 'Réalisateur', 1, NOW(), NOW());
INSERT INTO `director` (`id`, `firstname`, `lastname`, `gender`, `birthday`, `email`, `mobile`, `address`, `zip_code`, `town`, `country`, `job`, `newsletter`, `created_at`, `updated_at`) VALUES (139, 'Dramane', 'TRAORE', 'M.', '1985-01-01 00:00:00', 'dramane.traore@marsaifilms.com', '', '', '', '', 'Mali', 'Réalisateur', 1, NOW(), NOW());
INSERT INTO `director` (`id`, `firstname`, `lastname`, `gender`, `birthday`, `email`, `mobile`, `address`, `zip_code`, `town`, `country`, `job`, `newsletter`, `created_at`, `updated_at`) VALUES (140, 'Antoni', 'Korzeniowski', 'M.', '1985-01-01 00:00:00', 'antoni.korzeniowski@marsaifilms.com', '', '', '', '', 'Pologne', 'Réalisateur', 1, NOW(), NOW());
INSERT INTO `director` (`id`, `firstname`, `lastname`, `gender`, `birthday`, `email`, `mobile`, `address`, `zip_code`, `town`, `country`, `job`, `newsletter`, `created_at`, `updated_at`) VALUES (141, 'Lionel', 'PAYET PIGEON', 'M.', '1985-01-01 00:00:00', 'lionel.payet_pigeon@marsaifilms.com', '', '', '', '', 'France', 'Réalisateur', 1, NOW(), NOW());
INSERT INTO `director` (`id`, `firstname`, `lastname`, `gender`, `birthday`, `email`, `mobile`, `address`, `zip_code`, `town`, `country`, `job`, `newsletter`, `created_at`, `updated_at`) VALUES (142, 'Oluwaseyi', 'Oso', 'M.', '1985-01-01 00:00:00', 'oluwaseyi.oso@marsaifilms.com', '', '', '', '', 'NG', 'Réalisateur', 1, NOW(), NOW());
INSERT INTO `director` (`id`, `firstname`, `lastname`, `gender`, `birthday`, `email`, `mobile`, `address`, `zip_code`, `town`, `country`, `job`, `newsletter`, `created_at`, `updated_at`) VALUES (143, 'Christar', 'Wan', 'M.', '1985-01-01 00:00:00', 'christar.wan@marsaifilms.com', '', '', '', '', 'SG', 'Réalisateur', 1, NOW(), NOW());
INSERT INTO `director` (`id`, `firstname`, `lastname`, `gender`, `birthday`, `email`, `mobile`, `address`, `zip_code`, `town`, `country`, `job`, `newsletter`, `created_at`, `updated_at`) VALUES (144, 'Hermione', 'Granger', 'M.', '1985-01-01 00:00:00', 'hermione.granger@marsaifilms.com', '', '', '', '', 'France', 'Réalisateur', 1, NOW(), NOW());
INSERT INTO `director` (`id`, `firstname`, `lastname`, `gender`, `birthday`, `email`, `mobile`, `address`, `zip_code`, `town`, `country`, `job`, `newsletter`, `created_at`, `updated_at`) VALUES (145, 'mike', 'bennion', 'M.', '1985-01-01 00:00:00', 'mike.bennion@marsaifilms.com', '', '', '', '', 'États-Unis', 'Réalisateur', 1, NOW(), NOW());
INSERT INTO `director` (`id`, `firstname`, `lastname`, `gender`, `birthday`, `email`, `mobile`, `address`, `zip_code`, `town`, `country`, `job`, `newsletter`, `created_at`, `updated_at`) VALUES (146, 'Salagean', 'Sergiu', 'M.', '1985-01-01 00:00:00', 'salagean.sergiu@marsaifilms.com', '', '', '', '', 'RO', 'Réalisateur', 1, NOW(), NOW());
INSERT INTO `director` (`id`, `firstname`, `lastname`, `gender`, `birthday`, `email`, `mobile`, `address`, `zip_code`, `town`, `country`, `job`, `newsletter`, `created_at`, `updated_at`) VALUES (147, 'Michael', 'McCloud', 'M.', '1985-01-01 00:00:00', 'michael.mccloud@marsaifilms.com', '', '', '', '', 'États-Unis', 'Réalisateur', 1, NOW(), NOW());
INSERT INTO `director` (`id`, `firstname`, `lastname`, `gender`, `birthday`, `email`, `mobile`, `address`, `zip_code`, `town`, `country`, `job`, `newsletter`, `created_at`, `updated_at`) VALUES (148, 'Charles', 'Normsaskul', 'M.', '1985-01-01 00:00:00', 'charles.normsaskul@marsaifilms.com', '', '', '', '', 'Royaume-Uni', 'Réalisateur', 1, NOW(), NOW());
INSERT INTO `director` (`id`, `firstname`, `lastname`, `gender`, `birthday`, `email`, `mobile`, `address`, `zip_code`, `town`, `country`, `job`, `newsletter`, `created_at`, `updated_at`) VALUES (149, 'Remi', 'Decoster', 'M.', '1985-01-01 00:00:00', 'remi.decoster@marsaifilms.com', '', '', '', '', 'France', 'Réalisateur', 1, NOW(), NOW());

-- Seeding Movies --
INSERT INTO `movie` (`id`, `title`, `title_en`, `synopsis_fr`, `synopsis_en`, `duration`, `main_language`, `yt_url`, `thumbnail`, `subtitles`, `stack`, `methodology`, `ia_type`, `status`, `created_at`, `director_id`) VALUES (1, 'A Hopefully Not So Distant Future', 'A Hopefully Not So Distant Future EN', 'Une vision fascinante et optimiste du futur, imaginée par Alessandro Cannarozzi, CarloDi Piazza, Silvia Perizzolo, où la technologie et l''humanité s''unissent pour construire un monde meilleur.', 'A fascinating and optimistic vision of the future, imagined by Alessandro Cannarozzi, CarloDi Piazza, Silvia Perizzolo, where technology and humanity unite to build a better world.', 60, 'Anglais', 'https://www.youtube.com/watch?v=VrWkS_gRViM', 'https://img.youtube.com/vi/VrWkS_gRViM/maxresdefault.jpg', 'Français', 'Sora, Midjourney, ElevenLabs', 'Génération texte-vers-vidéo et voix off', '100% IA', 'approved', NOW(), 100);
INSERT INTO `image` (`id`, `url`, `created_at`, `movie_id`) VALUES (1, 'https://images.unsplash.com/photo-1620712943543-bcc4628c9457?q=80&w=1280', NOW(), 1);
INSERT INTO `image` (`id`, `url`, `created_at`, `movie_id`) VALUES (2, 'https://images.unsplash.com/photo-1451187580459-43490279c0fa?q=80&w=1280', NOW(), 1);
INSERT INTO `movie` (`id`, `title`, `title_en`, `synopsis_fr`, `synopsis_en`, `duration`, `main_language`, `yt_url`, `thumbnail`, `subtitles`, `stack`, `methodology`, `ia_type`, `status`, `created_at`, `director_id`) VALUES (2, 'Utopsie', 'Utopsie EN', 'Un court-métrage captivant réalisé par Smeyers Anthony dans le cadre du festival MarsAI, illustrant notre relation avec les technologies futures.', 'A captivating short film directed by Smeyers Anthony for the MarsAI Festival, depicting our relationship with future technologies.', 60, 'Français', 'https://www.youtube.com/watch?v=05AMEtq5vcM', 'https://img.youtube.com/vi/05AMEtq5vcM/maxresdefault.jpg', 'Anglais', 'Runway Gen-2, Stable Diffusion, Claude', 'Animation d''images fixes générées par IA', 'Hybride', 'approved', NOW(), 101);
INSERT INTO `image` (`id`, `url`, `created_at`, `movie_id`) VALUES (3, 'https://images.unsplash.com/photo-1620712943543-bcc4628c9457?q=80&w=1280', NOW(), 2);
INSERT INTO `image` (`id`, `url`, `created_at`, `movie_id`) VALUES (4, 'https://images.unsplash.com/photo-1451187580459-43490279c0fa?q=80&w=1280', NOW(), 2);
INSERT INTO `movie` (`id`, `title`, `title_en`, `synopsis_fr`, `synopsis_en`, `duration`, `main_language`, `yt_url`, `thumbnail`, `subtitles`, `stack`, `methodology`, `ia_type`, `status`, `created_at`, `director_id`) VALUES (3, 'Artificial Comfort', 'Artificial Comfort EN', 'Une exploration intime et philosophique des relations humaines et du sentiment d''appartenance à l''ère du numérique, par Carmen Moreno.', 'An intimate and philosophical exploration of human relationships and the sense of belonging in the digital age, by Carmen Moreno.', 60, 'Français', 'https://www.youtube.com/watch?v=PCqh8ikbYAg', 'https://img.youtube.com/vi/PCqh8ikbYAg/maxresdefault.jpg', 'Anglais', 'Kling AI, Luma Dream Machine, ChatGPT', 'Interpolation temporelle et écriture de script par IA', '100% IA', 'approved', NOW(), 102);
INSERT INTO `image` (`id`, `url`, `created_at`, `movie_id`) VALUES (5, 'https://images.unsplash.com/photo-1620712943543-bcc4628c9457?q=80&w=1280', NOW(), 3);
INSERT INTO `image` (`id`, `url`, `created_at`, `movie_id`) VALUES (6, 'https://images.unsplash.com/photo-1451187580459-43490279c0fa?q=80&w=1280', NOW(), 3);
INSERT INTO `movie` (`id`, `title`, `title_en`, `synopsis_fr`, `synopsis_en`, `duration`, `main_language`, `yt_url`, `thumbnail`, `subtitles`, `stack`, `methodology`, `ia_type`, `status`, `created_at`, `director_id`) VALUES (4, 'MR. CROCO', 'MR. CROCO EN', 'Une comédie satirique et décalée signée Pietro Maria Vincenti trabace, mettant en scène des personnages atypiques dans un monde futuriste régenté par des algorithmes absurdes.', 'A satirical and offbeat comedy by Pietro Maria Vincenti trabace, featuring atypical characters in a futuristic world governed by absurd algorithms.', 60, 'Anglais', 'https://www.youtube.com/watch?v=GgVP7mt7mN4', 'https://img.youtube.com/vi/GgVP7mt7mN4/maxresdefault.jpg', 'Français', 'Midjourney, Pika Labs, Leonardo.ai', 'Génération de plans hybrides et colorisation', 'Hybride', 'approved', NOW(), 103);
INSERT INTO `image` (`id`, `url`, `created_at`, `movie_id`) VALUES (7, 'https://images.unsplash.com/photo-1620712943543-bcc4628c9457?q=80&w=1280', NOW(), 4);
INSERT INTO `image` (`id`, `url`, `created_at`, `movie_id`) VALUES (8, 'https://images.unsplash.com/photo-1451187580459-43490279c0fa?q=80&w=1280', NOW(), 4);
INSERT INTO `movie` (`id`, `title`, `title_en`, `synopsis_fr`, `synopsis_en`, `duration`, `main_language`, `yt_url`, `thumbnail`, `subtitles`, `stack`, `methodology`, `ia_type`, `status`, `created_at`, `director_id`) VALUES (5, 'The Survival Era', 'The Survival Era EN', 'Un court-métrage captivant réalisé par Alina Mitrokhova dans le cadre du festival MarsAI, illustrant notre relation avec les technologies futures.', 'A captivating short film directed by Alina Mitrokhova for the MarsAI Festival, depicting our relationship with future technologies.', 60, 'Anglais', 'https://www.youtube.com/watch?v=Sd-gEWdb7Ok', 'https://img.youtube.com/vi/Sd-gEWdb7Ok/maxresdefault.jpg', 'Français', 'Sora, Kaiber, Adobe Firefly', 'Stylisation neuronale et montage assisté', '100% IA', 'approved', NOW(), 104);
INSERT INTO `image` (`id`, `url`, `created_at`, `movie_id`) VALUES (9, 'https://images.unsplash.com/photo-1620712943543-bcc4628c9457?q=80&w=1280', NOW(), 5);
INSERT INTO `image` (`id`, `url`, `created_at`, `movie_id`) VALUES (10, 'https://images.unsplash.com/photo-1451187580459-43490279c0fa?q=80&w=1280', NOW(), 5);
INSERT INTO `movie` (`id`, `title`, `title_en`, `synopsis_fr`, `synopsis_en`, `duration`, `main_language`, `yt_url`, `thumbnail`, `subtitles`, `stack`, `methodology`, `ia_type`, `status`, `created_at`, `director_id`) VALUES (6, 'TINY ONES', 'TINY ONES EN', 'Un court-métrage captivant réalisé par Hugo ROBLIN dans le cadre du festival MarsAI, illustrant notre relation avec les technologies futures.', 'A captivating short film directed by Hugo ROBLIN for the MarsAI Festival, depicting our relationship with future technologies.', 60, 'Français', 'https://www.youtube.com/watch?v=wD3ryMpS2mU', 'https://img.youtube.com/vi/wD3ryMpS2mU/maxresdefault.jpg', 'Anglais', 'Sora, Midjourney, ElevenLabs', 'Génération texte-vers-vidéo et voix off', '100% IA', 'approved', NOW(), 105);
INSERT INTO `image` (`id`, `url`, `created_at`, `movie_id`) VALUES (11, 'https://images.unsplash.com/photo-1620712943543-bcc4628c9457?q=80&w=1280', NOW(), 6);
INSERT INTO `image` (`id`, `url`, `created_at`, `movie_id`) VALUES (12, 'https://images.unsplash.com/photo-1451187580459-43490279c0fa?q=80&w=1280', NOW(), 6);
INSERT INTO `movie` (`id`, `title`, `title_en`, `synopsis_fr`, `synopsis_en`, `duration`, `main_language`, `yt_url`, `thumbnail`, `subtitles`, `stack`, `methodology`, `ia_type`, `status`, `created_at`, `director_id`) VALUES (7, 'Energym', 'Energym EN', 'Un court-métrage captivant réalisé par Jan De Loore dans le cadre du festival MarsAI, illustrant notre relation avec les technologies futures.', 'A captivating short film directed by Jan De Loore for the MarsAI Festival, depicting our relationship with future technologies.', 60, 'Anglais', 'https://www.youtube.com/watch?v=OlAm3V9ao6c', 'https://img.youtube.com/vi/OlAm3V9ao6c/maxresdefault.jpg', 'Français', 'Runway Gen-2, Stable Diffusion, Claude', 'Animation d''images fixes générées par IA', 'Hybride', 'approved', NOW(), 106);
INSERT INTO `image` (`id`, `url`, `created_at`, `movie_id`) VALUES (13, 'https://images.unsplash.com/photo-1620712943543-bcc4628c9457?q=80&w=1280', NOW(), 7);
INSERT INTO `image` (`id`, `url`, `created_at`, `movie_id`) VALUES (14, 'https://images.unsplash.com/photo-1451187580459-43490279c0fa?q=80&w=1280', NOW(), 7);
INSERT INTO `movie` (`id`, `title`, `title_en`, `synopsis_fr`, `synopsis_en`, `duration`, `main_language`, `yt_url`, `thumbnail`, `subtitles`, `stack`, `methodology`, `ia_type`, `status`, `created_at`, `director_id`) VALUES (8, 'Good Hands', 'Good Hands EN', 'Une exploration intime et philosophique des relations humaines et du sentiment d''appartenance à l''ère du numérique, par Christian Luoma.', 'An intimate and philosophical exploration of human relationships and the sense of belonging in the digital age, by Christian Luoma.', 60, 'Anglais', 'https://www.youtube.com/watch?v=IlhT949e_Qo', 'https://img.youtube.com/vi/IlhT949e_Qo/maxresdefault.jpg', 'Français', 'Kling AI, Luma Dream Machine, ChatGPT', 'Interpolation temporelle et écriture de script par IA', '100% IA', 'approved', NOW(), 107);
INSERT INTO `image` (`id`, `url`, `created_at`, `movie_id`) VALUES (15, 'https://images.unsplash.com/photo-1620712943543-bcc4628c9457?q=80&w=1280', NOW(), 8);
INSERT INTO `image` (`id`, `url`, `created_at`, `movie_id`) VALUES (16, 'https://images.unsplash.com/photo-1451187580459-43490279c0fa?q=80&w=1280', NOW(), 8);
INSERT INTO `movie` (`id`, `title`, `title_en`, `synopsis_fr`, `synopsis_en`, `duration`, `main_language`, `yt_url`, `thumbnail`, `subtitles`, `stack`, `methodology`, `ia_type`, `status`, `created_at`, `director_id`) VALUES (9, 'THE LAST TREE', 'THE LAST TREE EN', 'Dans un monde menacé par le changement climatique, ce film poétique réalisé par Soegimitro BOOM explore la renaissance de la nature à travers le regard de l''intelligence artificielle.', 'In a world threatened by climate change, this poetic film directed by Soegimitro BOOM explores the rebirth of nature through the lens of artificial intelligence.', 60, 'Anglais', 'https://www.youtube.com/watch?v=dbbpGAOItiY', 'https://img.youtube.com/vi/dbbpGAOItiY/maxresdefault.jpg', 'Français', 'Midjourney, Pika Labs, Leonardo.ai', 'Génération de plans hybrides et colorisation', 'Hybride', 'approved', NOW(), 108);
INSERT INTO `image` (`id`, `url`, `created_at`, `movie_id`) VALUES (17, 'https://images.unsplash.com/photo-1620712943543-bcc4628c9457?q=80&w=1280', NOW(), 9);
INSERT INTO `image` (`id`, `url`, `created_at`, `movie_id`) VALUES (18, 'https://images.unsplash.com/photo-1451187580459-43490279c0fa?q=80&w=1280', NOW(), 9);
INSERT INTO `movie` (`id`, `title`, `title_en`, `synopsis_fr`, `synopsis_en`, `duration`, `main_language`, `yt_url`, `thumbnail`, `subtitles`, `stack`, `methodology`, `ia_type`, `status`, `created_at`, `director_id`) VALUES (10, 'I Do believe', 'I Do believe EN', 'Une exploration intime et philosophique des relations humaines et du sentiment d''appartenance à l''ère du numérique, par Emile Benard.', 'An intimate and philosophical exploration of human relationships and the sense of belonging in the digital age, by Emile Benard.', 60, 'Français', 'https://www.youtube.com/watch?v=bF1vBc2ZlZo', 'https://img.youtube.com/vi/bF1vBc2ZlZo/maxresdefault.jpg', 'Anglais', 'Sora, Kaiber, Adobe Firefly', 'Stylisation neuronale et montage assisté', '100% IA', 'approved', NOW(), 109);
INSERT INTO `image` (`id`, `url`, `created_at`, `movie_id`) VALUES (19, 'https://images.unsplash.com/photo-1620712943543-bcc4628c9457?q=80&w=1280', NOW(), 10);
INSERT INTO `image` (`id`, `url`, `created_at`, `movie_id`) VALUES (20, 'https://images.unsplash.com/photo-1451187580459-43490279c0fa?q=80&w=1280', NOW(), 10);
INSERT INTO `movie` (`id`, `title`, `title_en`, `synopsis_fr`, `synopsis_en`, `duration`, `main_language`, `yt_url`, `thumbnail`, `subtitles`, `stack`, `methodology`, `ia_type`, `status`, `created_at`, `director_id`) VALUES (11, 'THE LAST MEMORY', 'THE LAST MEMORY EN', 'Un court-métrage captivant réalisé par Harish Shamsudeen dans le cadre du festival MarsAI, illustrant notre relation avec les technologies futures.', 'A captivating short film directed by Harish Shamsudeen for the MarsAI Festival, depicting our relationship with future technologies.', 60, 'Anglais', 'https://www.youtube.com/watch?v=wrvFIHfMzlk', 'https://img.youtube.com/vi/wrvFIHfMzlk/maxresdefault.jpg', 'Français', 'Sora, Midjourney, ElevenLabs', 'Génération texte-vers-vidéo et voix off', '100% IA', 'approved', NOW(), 110);
INSERT INTO `image` (`id`, `url`, `created_at`, `movie_id`) VALUES (21, 'https://images.unsplash.com/photo-1620712943543-bcc4628c9457?q=80&w=1280', NOW(), 11);
INSERT INTO `image` (`id`, `url`, `created_at`, `movie_id`) VALUES (22, 'https://images.unsplash.com/photo-1451187580459-43490279c0fa?q=80&w=1280', NOW(), 11);
INSERT INTO `movie` (`id`, `title`, `title_en`, `synopsis_fr`, `synopsis_en`, `duration`, `main_language`, `yt_url`, `thumbnail`, `subtitles`, `stack`, `methodology`, `ia_type`, `status`, `created_at`, `director_id`) VALUES (12, 'tomorrow, here.', 'tomorrow, here. EN', 'Une vision fascinante et optimiste du futur, imaginée par Laurie Zingaretti, où la technologie et l''humanité s''unissent pour construire un monde meilleur.', 'A fascinating and optimistic vision of the future, imagined by Laurie Zingaretti, where technology and humanity unite to build a better world.', 60, 'Français', 'https://www.youtube.com/watch?v=_iINq4hkxsk', 'https://img.youtube.com/vi/_iINq4hkxsk/maxresdefault.jpg', 'Anglais', 'Runway Gen-2, Stable Diffusion, Claude', 'Animation d''images fixes générées par IA', 'Hybride', 'approved', NOW(), 111);
INSERT INTO `image` (`id`, `url`, `created_at`, `movie_id`) VALUES (23, 'https://images.unsplash.com/photo-1620712943543-bcc4628c9457?q=80&w=1280', NOW(), 12);
INSERT INTO `image` (`id`, `url`, `created_at`, `movie_id`) VALUES (24, 'https://images.unsplash.com/photo-1451187580459-43490279c0fa?q=80&w=1280', NOW(), 12);
INSERT INTO `movie` (`id`, `title`, `title_en`, `synopsis_fr`, `synopsis_en`, `duration`, `main_language`, `yt_url`, `thumbnail`, `subtitles`, `stack`, `methodology`, `ia_type`, `status`, `created_at`, `director_id`) VALUES (13, 'The Memory Garden', 'The Memory Garden EN', 'Dans un monde menacé par le changement climatique, ce film poétique réalisé par Henri Kang explore la renaissance de la nature à travers le regard de l''intelligence artificielle.', 'In a world threatened by climate change, this poetic film directed by Henri Kang explores the rebirth of nature through the lens of artificial intelligence.', 60, 'Anglais', 'https://www.youtube.com/watch?v=-RgH5u9N3a0', 'https://img.youtube.com/vi/-RgH5u9N3a0/maxresdefault.jpg', 'Français', 'Kling AI, Luma Dream Machine, ChatGPT', 'Interpolation temporelle et écriture de script par IA', '100% IA', 'approved', NOW(), 112);
INSERT INTO `image` (`id`, `url`, `created_at`, `movie_id`) VALUES (25, 'https://images.unsplash.com/photo-1620712943543-bcc4628c9457?q=80&w=1280', NOW(), 13);
INSERT INTO `image` (`id`, `url`, `created_at`, `movie_id`) VALUES (26, 'https://images.unsplash.com/photo-1451187580459-43490279c0fa?q=80&w=1280', NOW(), 13);
INSERT INTO `movie` (`id`, `title`, `title_en`, `synopsis_fr`, `synopsis_en`, `duration`, `main_language`, `yt_url`, `thumbnail`, `subtitles`, `stack`, `methodology`, `ia_type`, `status`, `created_at`, `director_id`) VALUES (14, 'Call.', 'Call. EN', 'Un court-métrage captivant réalisé par Luis Nunes dans le cadre du festival MarsAI, illustrant notre relation avec les technologies futures.', 'A captivating short film directed by Luis Nunes for the MarsAI Festival, depicting our relationship with future technologies.', 60, 'Anglais', 'https://www.youtube.com/watch?v=nknqYXuc58s', 'https://img.youtube.com/vi/nknqYXuc58s/maxresdefault.jpg', 'Français', 'Midjourney, Pika Labs, Leonardo.ai', 'Génération de plans hybrides et colorisation', 'Hybride', 'approved', NOW(), 113);
INSERT INTO `image` (`id`, `url`, `created_at`, `movie_id`) VALUES (27, 'https://images.unsplash.com/photo-1620712943543-bcc4628c9457?q=80&w=1280', NOW(), 14);
INSERT INTO `image` (`id`, `url`, `created_at`, `movie_id`) VALUES (28, 'https://images.unsplash.com/photo-1451187580459-43490279c0fa?q=80&w=1280', NOW(), 14);
INSERT INTO `movie` (`id`, `title`, `title_en`, `synopsis_fr`, `synopsis_en`, `duration`, `main_language`, `yt_url`, `thumbnail`, `subtitles`, `stack`, `methodology`, `ia_type`, `status`, `created_at`, `director_id`) VALUES (15, 'Mr Rossi', 'Mr Rossi EN', 'Une comédie satirique et décalée signée Laurent A CLIQUET, mettant en scène des personnages atypiques dans un monde futuriste régenté par des algorithmes absurdes.', 'A satirical and offbeat comedy by Laurent A CLIQUET, featuring atypical characters in a futuristic world governed by absurd algorithms.', 60, 'Anglais', 'https://www.youtube.com/watch?v=r-UM1ADMQco', 'https://img.youtube.com/vi/r-UM1ADMQco/maxresdefault.jpg', 'Français', 'Sora, Kaiber, Adobe Firefly', 'Stylisation neuronale et montage assisté', '100% IA', 'approved', NOW(), 114);
INSERT INTO `image` (`id`, `url`, `created_at`, `movie_id`) VALUES (29, 'https://images.unsplash.com/photo-1620712943543-bcc4628c9457?q=80&w=1280', NOW(), 15);
INSERT INTO `image` (`id`, `url`, `created_at`, `movie_id`) VALUES (30, 'https://images.unsplash.com/photo-1451187580459-43490279c0fa?q=80&w=1280', NOW(), 15);
INSERT INTO `movie` (`id`, `title`, `title_en`, `synopsis_fr`, `synopsis_en`, `duration`, `main_language`, `yt_url`, `thumbnail`, `subtitles`, `stack`, `methodology`, `ia_type`, `status`, `created_at`, `director_id`) VALUES (16, 'Act Now', 'Act Now EN', 'Un court-métrage captivant réalisé par Fabio Landi dans le cadre du festival MarsAI, illustrant notre relation avec les technologies futures.', 'A captivating short film directed by Fabio Landi for the MarsAI Festival, depicting our relationship with future technologies.', 60, 'Anglais', 'https://www.youtube.com/watch?v=gPGejxoFYSE', 'https://img.youtube.com/vi/gPGejxoFYSE/maxresdefault.jpg', 'Français', 'Sora, Midjourney, ElevenLabs', 'Génération texte-vers-vidéo et voix off', '100% IA', 'approved', NOW(), 115);
INSERT INTO `image` (`id`, `url`, `created_at`, `movie_id`) VALUES (31, 'https://images.unsplash.com/photo-1620712943543-bcc4628c9457?q=80&w=1280', NOW(), 16);
INSERT INTO `image` (`id`, `url`, `created_at`, `movie_id`) VALUES (32, 'https://images.unsplash.com/photo-1451187580459-43490279c0fa?q=80&w=1280', NOW(), 16);
INSERT INTO `movie` (`id`, `title`, `title_en`, `synopsis_fr`, `synopsis_en`, `duration`, `main_language`, `yt_url`, `thumbnail`, `subtitles`, `stack`, `methodology`, `ia_type`, `status`, `created_at`, `director_id`) VALUES (17, 'Refractions', 'Refractions EN', 'Un court-métrage captivant réalisé par Seif Abdalla dans le cadre du festival MarsAI, illustrant notre relation avec les technologies futures.', 'A captivating short film directed by Seif Abdalla for the MarsAI Festival, depicting our relationship with future technologies.', 60, 'Anglais', 'https://www.youtube.com/watch?v=trLs2RjuZiU', 'https://img.youtube.com/vi/trLs2RjuZiU/maxresdefault.jpg', 'Français', 'Runway Gen-2, Stable Diffusion, Claude', 'Animation d''images fixes générées par IA', 'Hybride', 'approved', NOW(), 116);
INSERT INTO `image` (`id`, `url`, `created_at`, `movie_id`) VALUES (33, 'https://images.unsplash.com/photo-1620712943543-bcc4628c9457?q=80&w=1280', NOW(), 17);
INSERT INTO `image` (`id`, `url`, `created_at`, `movie_id`) VALUES (34, 'https://images.unsplash.com/photo-1451187580459-43490279c0fa?q=80&w=1280', NOW(), 17);
INSERT INTO `movie` (`id`, `title`, `title_en`, `synopsis_fr`, `synopsis_en`, `duration`, `main_language`, `yt_url`, `thumbnail`, `subtitles`, `stack`, `methodology`, `ia_type`, `status`, `created_at`, `director_id`) VALUES (18, 'And The WInner Is...', 'And The WInner Is... EN', 'Un court-métrage captivant réalisé par Jonathan Wilson dans le cadre du festival MarsAI, illustrant notre relation avec les technologies futures.', 'A captivating short film directed by Jonathan Wilson for the MarsAI Festival, depicting our relationship with future technologies.', 60, 'Anglais', 'https://www.youtube.com/watch?v=31g6EqOTQXY', 'https://img.youtube.com/vi/31g6EqOTQXY/maxresdefault.jpg', 'Français', 'Kling AI, Luma Dream Machine, ChatGPT', 'Interpolation temporelle et écriture de script par IA', '100% IA', 'approved', NOW(), 117);
INSERT INTO `image` (`id`, `url`, `created_at`, `movie_id`) VALUES (35, 'https://images.unsplash.com/photo-1620712943543-bcc4628c9457?q=80&w=1280', NOW(), 18);
INSERT INTO `image` (`id`, `url`, `created_at`, `movie_id`) VALUES (36, 'https://images.unsplash.com/photo-1451187580459-43490279c0fa?q=80&w=1280', NOW(), 18);
INSERT INTO `movie` (`id`, `title`, `title_en`, `synopsis_fr`, `synopsis_en`, `duration`, `main_language`, `yt_url`, `thumbnail`, `subtitles`, `stack`, `methodology`, `ia_type`, `status`, `created_at`, `director_id`) VALUES (19, 'Persephone', 'Persephone EN', 'Un court-métrage captivant réalisé par Robert Gaudette dans le cadre du festival MarsAI, illustrant notre relation avec les technologies futures.', 'A captivating short film directed by Robert Gaudette for the MarsAI Festival, depicting our relationship with future technologies.', 60, 'Anglais', 'https://www.youtube.com/watch?v=0ND-xiiYMY8', 'https://img.youtube.com/vi/0ND-xiiYMY8/maxresdefault.jpg', 'Français', 'Midjourney, Pika Labs, Leonardo.ai', 'Génération de plans hybrides et colorisation', 'Hybride', 'approved', NOW(), 118);
INSERT INTO `image` (`id`, `url`, `created_at`, `movie_id`) VALUES (37, 'https://images.unsplash.com/photo-1620712943543-bcc4628c9457?q=80&w=1280', NOW(), 19);
INSERT INTO `image` (`id`, `url`, `created_at`, `movie_id`) VALUES (38, 'https://images.unsplash.com/photo-1451187580459-43490279c0fa?q=80&w=1280', NOW(), 19);
INSERT INTO `movie` (`id`, `title`, `title_en`, `synopsis_fr`, `synopsis_en`, `duration`, `main_language`, `yt_url`, `thumbnail`, `subtitles`, `stack`, `methodology`, `ia_type`, `status`, `created_at`, `director_id`) VALUES (20, 'Maiden Voyage', 'Maiden Voyage EN', 'Un court-métrage captivant réalisé par Cassie Quarless dans le cadre du festival MarsAI, illustrant notre relation avec les technologies futures.', 'A captivating short film directed by Cassie Quarless for the MarsAI Festival, depicting our relationship with future technologies.', 60, 'Anglais', 'https://www.youtube.com/watch?v=E8EpTncvcYM', 'https://img.youtube.com/vi/E8EpTncvcYM/maxresdefault.jpg', 'Français', 'Sora, Kaiber, Adobe Firefly', 'Stylisation neuronale et montage assisté', '100% IA', 'approved', NOW(), 119);
INSERT INTO `image` (`id`, `url`, `created_at`, `movie_id`) VALUES (39, 'https://images.unsplash.com/photo-1620712943543-bcc4628c9457?q=80&w=1280', NOW(), 20);
INSERT INTO `image` (`id`, `url`, `created_at`, `movie_id`) VALUES (40, 'https://images.unsplash.com/photo-1451187580459-43490279c0fa?q=80&w=1280', NOW(), 20);
INSERT INTO `movie` (`id`, `title`, `title_en`, `synopsis_fr`, `synopsis_en`, `duration`, `main_language`, `yt_url`, `thumbnail`, `subtitles`, `stack`, `methodology`, `ia_type`, `status`, `created_at`, `director_id`) VALUES (21, 'I Don''t Give A...', 'I Don''t Give A... EN', 'Un court-métrage captivant réalisé par Roxanne Ducharme dans le cadre du festival MarsAI, illustrant notre relation avec les technologies futures.', 'A captivating short film directed by Roxanne Ducharme for the MarsAI Festival, depicting our relationship with future technologies.', 60, 'Anglais', 'https://www.youtube.com/watch?v=YtveqZy_79E', 'https://img.youtube.com/vi/YtveqZy_79E/maxresdefault.jpg', 'Français', 'Sora, Midjourney, ElevenLabs', 'Génération texte-vers-vidéo et voix off', '100% IA', 'approved', NOW(), 120);
INSERT INTO `image` (`id`, `url`, `created_at`, `movie_id`) VALUES (41, 'https://images.unsplash.com/photo-1620712943543-bcc4628c9457?q=80&w=1280', NOW(), 21);
INSERT INTO `image` (`id`, `url`, `created_at`, `movie_id`) VALUES (42, 'https://images.unsplash.com/photo-1451187580459-43490279c0fa?q=80&w=1280', NOW(), 21);
INSERT INTO `movie` (`id`, `title`, `title_en`, `synopsis_fr`, `synopsis_en`, `duration`, `main_language`, `yt_url`, `thumbnail`, `subtitles`, `stack`, `methodology`, `ia_type`, `status`, `created_at`, `director_id`) VALUES (22, 'Toy Knight', 'Toy Knight EN', 'Un court-métrage captivant réalisé par Jianji Li dans le cadre du festival MarsAI, illustrant notre relation avec les technologies futures.', 'A captivating short film directed by Jianji Li for the MarsAI Festival, depicting our relationship with future technologies.', 60, 'Anglais', 'https://www.youtube.com/watch?v=58nGztSdHWo', 'https://img.youtube.com/vi/58nGztSdHWo/maxresdefault.jpg', 'Français', 'Runway Gen-2, Stable Diffusion, Claude', 'Animation d''images fixes générées par IA', 'Hybride', 'approved', NOW(), 121);
INSERT INTO `image` (`id`, `url`, `created_at`, `movie_id`) VALUES (43, 'https://images.unsplash.com/photo-1620712943543-bcc4628c9457?q=80&w=1280', NOW(), 22);
INSERT INTO `image` (`id`, `url`, `created_at`, `movie_id`) VALUES (44, 'https://images.unsplash.com/photo-1451187580459-43490279c0fa?q=80&w=1280', NOW(), 22);
INSERT INTO `movie` (`id`, `title`, `title_en`, `synopsis_fr`, `synopsis_en`, `duration`, `main_language`, `yt_url`, `thumbnail`, `subtitles`, `stack`, `methodology`, `ia_type`, `status`, `created_at`, `director_id`) VALUES (23, 'NO KINGS, NO COLLAPSE', 'NO KINGS, NO COLLAPSE EN', 'Un court-métrage captivant réalisé par Johannes Westphal dans le cadre du festival MarsAI, illustrant notre relation avec les technologies futures.', 'A captivating short film directed by Johannes Westphal for the MarsAI Festival, depicting our relationship with future technologies.', 60, 'Anglais', 'https://www.youtube.com/watch?v=Q9-UKfXTFNA', 'https://img.youtube.com/vi/Q9-UKfXTFNA/maxresdefault.jpg', 'Français', 'Kling AI, Luma Dream Machine, ChatGPT', 'Interpolation temporelle et écriture de script par IA', '100% IA', 'approved', NOW(), 122);
INSERT INTO `image` (`id`, `url`, `created_at`, `movie_id`) VALUES (45, 'https://images.unsplash.com/photo-1620712943543-bcc4628c9457?q=80&w=1280', NOW(), 23);
INSERT INTO `image` (`id`, `url`, `created_at`, `movie_id`) VALUES (46, 'https://images.unsplash.com/photo-1451187580459-43490279c0fa?q=80&w=1280', NOW(), 23);
INSERT INTO `movie` (`id`, `title`, `title_en`, `synopsis_fr`, `synopsis_en`, `duration`, `main_language`, `yt_url`, `thumbnail`, `subtitles`, `stack`, `methodology`, `ia_type`, `status`, `created_at`, `director_id`) VALUES (24, 'What’s Left to Give', 'What’s Left to Give EN', 'Un court-métrage captivant réalisé par Kamal Tahtah dans le cadre du festival MarsAI, illustrant notre relation avec les technologies futures.', 'A captivating short film directed by Kamal Tahtah for the MarsAI Festival, depicting our relationship with future technologies.', 60, 'Anglais', 'https://www.youtube.com/watch?v=a01phR60L1k', 'https://img.youtube.com/vi/a01phR60L1k/maxresdefault.jpg', 'Français', 'Midjourney, Pika Labs, Leonardo.ai', 'Génération de plans hybrides et colorisation', 'Hybride', 'approved', NOW(), 123);
INSERT INTO `image` (`id`, `url`, `created_at`, `movie_id`) VALUES (47, 'https://images.unsplash.com/photo-1620712943543-bcc4628c9457?q=80&w=1280', NOW(), 24);
INSERT INTO `image` (`id`, `url`, `created_at`, `movie_id`) VALUES (48, 'https://images.unsplash.com/photo-1451187580459-43490279c0fa?q=80&w=1280', NOW(), 24);
INSERT INTO `movie` (`id`, `title`, `title_en`, `synopsis_fr`, `synopsis_en`, `duration`, `main_language`, `yt_url`, `thumbnail`, `subtitles`, `stack`, `methodology`, `ia_type`, `status`, `created_at`, `director_id`) VALUES (25, 'INVENTORY', 'INVENTORY EN', 'Un court-métrage captivant réalisé par Erwan Compin dans le cadre du festival MarsAI, illustrant notre relation avec les technologies futures.', 'A captivating short film directed by Erwan Compin for the MarsAI Festival, depicting our relationship with future technologies.', 60, 'Français', 'https://www.youtube.com/watch?v=ePe6ZUSzmbY', 'https://img.youtube.com/vi/ePe6ZUSzmbY/maxresdefault.jpg', 'Anglais', 'Sora, Kaiber, Adobe Firefly', 'Stylisation neuronale et montage assisté', '100% IA', 'approved', NOW(), 124);
INSERT INTO `image` (`id`, `url`, `created_at`, `movie_id`) VALUES (49, 'https://images.unsplash.com/photo-1620712943543-bcc4628c9457?q=80&w=1280', NOW(), 25);
INSERT INTO `image` (`id`, `url`, `created_at`, `movie_id`) VALUES (50, 'https://images.unsplash.com/photo-1451187580459-43490279c0fa?q=80&w=1280', NOW(), 25);
INSERT INTO `movie` (`id`, `title`, `title_en`, `synopsis_fr`, `synopsis_en`, `duration`, `main_language`, `yt_url`, `thumbnail`, `subtitles`, `stack`, `methodology`, `ia_type`, `status`, `created_at`, `director_id`) VALUES (26, 'The Great Renaturation', 'The Great Renaturation EN', 'Dans un monde menacé par le changement climatique, ce film poétique réalisé par Jean-Luc Ithié explore la renaissance de la nature à travers le regard de l''intelligence artificielle.', 'In a world threatened by climate change, this poetic film directed by Jean-Luc Ithié explores the rebirth of nature through the lens of artificial intelligence.', 60, 'Français', 'https://www.youtube.com/watch?v=3hpWa-6QsIs', 'https://img.youtube.com/vi/3hpWa-6QsIs/maxresdefault.jpg', 'Anglais', 'Sora, Midjourney, ElevenLabs', 'Génération texte-vers-vidéo et voix off', '100% IA', 'approved', NOW(), 125);
INSERT INTO `image` (`id`, `url`, `created_at`, `movie_id`) VALUES (51, 'https://images.unsplash.com/photo-1620712943543-bcc4628c9457?q=80&w=1280', NOW(), 26);
INSERT INTO `image` (`id`, `url`, `created_at`, `movie_id`) VALUES (52, 'https://images.unsplash.com/photo-1451187580459-43490279c0fa?q=80&w=1280', NOW(), 26);
INSERT INTO `movie` (`id`, `title`, `title_en`, `synopsis_fr`, `synopsis_en`, `duration`, `main_language`, `yt_url`, `thumbnail`, `subtitles`, `stack`, `methodology`, `ia_type`, `status`, `created_at`, `director_id`) VALUES (27, 'Beautiful Life', 'Beautiful Life EN', 'Une exploration intime et philosophique des relations humaines et du sentiment d''appartenance à l''ère du numérique, par Aurélie Guilbeau.', 'An intimate and philosophical exploration of human relationships and the sense of belonging in the digital age, by Aurélie Guilbeau.', 60, 'Français', 'https://www.youtube.com/watch?v=7S9YZ5PJG9Q', 'https://img.youtube.com/vi/7S9YZ5PJG9Q/maxresdefault.jpg', 'Anglais', 'Runway Gen-2, Stable Diffusion, Claude', 'Animation d''images fixes générées par IA', 'Hybride', 'approved', NOW(), 126);
INSERT INTO `image` (`id`, `url`, `created_at`, `movie_id`) VALUES (53, 'https://images.unsplash.com/photo-1620712943543-bcc4628c9457?q=80&w=1280', NOW(), 27);
INSERT INTO `image` (`id`, `url`, `created_at`, `movie_id`) VALUES (54, 'https://images.unsplash.com/photo-1451187580459-43490279c0fa?q=80&w=1280', NOW(), 27);
INSERT INTO `movie` (`id`, `title`, `title_en`, `synopsis_fr`, `synopsis_en`, `duration`, `main_language`, `yt_url`, `thumbnail`, `subtitles`, `stack`, `methodology`, `ia_type`, `status`, `created_at`, `director_id`) VALUES (28, 'TOMORROW, HERE', 'TOMORROW, HERE EN', 'Une vision fascinante et optimiste du futur, imaginée par SENA BYMPE, où la technologie et l''humanité s''unissent pour construire un monde meilleur.', 'A fascinating and optimistic vision of the future, imagined by SENA BYMPE, where technology and humanity unite to build a better world.', 60, 'Anglais', 'https://www.youtube.com/watch?v=qtfb4lFNYRo', 'https://img.youtube.com/vi/qtfb4lFNYRo/maxresdefault.jpg', 'Français', 'Kling AI, Luma Dream Machine, ChatGPT', 'Interpolation temporelle et écriture de script par IA', '100% IA', 'approved', NOW(), 127);
INSERT INTO `image` (`id`, `url`, `created_at`, `movie_id`) VALUES (55, 'https://images.unsplash.com/photo-1620712943543-bcc4628c9457?q=80&w=1280', NOW(), 28);
INSERT INTO `image` (`id`, `url`, `created_at`, `movie_id`) VALUES (56, 'https://images.unsplash.com/photo-1451187580459-43490279c0fa?q=80&w=1280', NOW(), 28);
INSERT INTO `movie` (`id`, `title`, `title_en`, `synopsis_fr`, `synopsis_en`, `duration`, `main_language`, `yt_url`, `thumbnail`, `subtitles`, `stack`, `methodology`, `ia_type`, `status`, `created_at`, `director_id`) VALUES (29, 'HARVEST', 'HARVEST EN', 'Un court-métrage captivant réalisé par Alan Mahirma Lars dans le cadre du festival MarsAI, illustrant notre relation avec les technologies futures.', 'A captivating short film directed by Alan Mahirma Lars for the MarsAI Festival, depicting our relationship with future technologies.', 60, 'Anglais', 'https://www.youtube.com/watch?v=iiElSb1BH3g', 'https://img.youtube.com/vi/iiElSb1BH3g/maxresdefault.jpg', 'Français', 'Midjourney, Pika Labs, Leonardo.ai', 'Génération de plans hybrides et colorisation', 'Hybride', 'approved', NOW(), 128);
INSERT INTO `image` (`id`, `url`, `created_at`, `movie_id`) VALUES (57, 'https://images.unsplash.com/photo-1620712943543-bcc4628c9457?q=80&w=1280', NOW(), 29);
INSERT INTO `image` (`id`, `url`, `created_at`, `movie_id`) VALUES (58, 'https://images.unsplash.com/photo-1451187580459-43490279c0fa?q=80&w=1280', NOW(), 29);
INSERT INTO `movie` (`id`, `title`, `title_en`, `synopsis_fr`, `synopsis_en`, `duration`, `main_language`, `yt_url`, `thumbnail`, `subtitles`, `stack`, `methodology`, `ia_type`, `status`, `created_at`, `director_id`) VALUES (30, 'The Golden Wild', 'The Golden Wild EN', 'Un court-métrage captivant réalisé par Estelle Cortet dans le cadre du festival MarsAI, illustrant notre relation avec les technologies futures.', 'A captivating short film directed by Estelle Cortet for the MarsAI Festival, depicting our relationship with future technologies.', 60, 'Anglais', 'https://www.youtube.com/watch?v=aUVXSX4tRiE', 'https://img.youtube.com/vi/aUVXSX4tRiE/maxresdefault.jpg', 'Français', 'Sora, Kaiber, Adobe Firefly', 'Stylisation neuronale et montage assisté', '100% IA', 'approved', NOW(), 129);
INSERT INTO `image` (`id`, `url`, `created_at`, `movie_id`) VALUES (59, 'https://images.unsplash.com/photo-1620712943543-bcc4628c9457?q=80&w=1280', NOW(), 30);
INSERT INTO `image` (`id`, `url`, `created_at`, `movie_id`) VALUES (60, 'https://images.unsplash.com/photo-1451187580459-43490279c0fa?q=80&w=1280', NOW(), 30);
INSERT INTO `movie` (`id`, `title`, `title_en`, `synopsis_fr`, `synopsis_en`, `duration`, `main_language`, `yt_url`, `thumbnail`, `subtitles`, `stack`, `methodology`, `ia_type`, `status`, `created_at`, `director_id`) VALUES (31, 'Oceanica', 'Oceanica EN', 'Un court-métrage captivant réalisé par Sidney Le Bour dans le cadre du festival MarsAI, illustrant notre relation avec les technologies futures.', 'A captivating short film directed by Sidney Le Bour for the MarsAI Festival, depicting our relationship with future technologies.', 60, 'Français', 'https://www.youtube.com/watch?v=HNwm_l3FWvo', 'https://img.youtube.com/vi/HNwm_l3FWvo/maxresdefault.jpg', 'Anglais', 'Sora, Midjourney, ElevenLabs', 'Génération texte-vers-vidéo et voix off', '100% IA', 'approved', NOW(), 130);
INSERT INTO `image` (`id`, `url`, `created_at`, `movie_id`) VALUES (61, 'https://images.unsplash.com/photo-1620712943543-bcc4628c9457?q=80&w=1280', NOW(), 31);
INSERT INTO `image` (`id`, `url`, `created_at`, `movie_id`) VALUES (62, 'https://images.unsplash.com/photo-1451187580459-43490279c0fa?q=80&w=1280', NOW(), 31);
INSERT INTO `movie` (`id`, `title`, `title_en`, `synopsis_fr`, `synopsis_en`, `duration`, `main_language`, `yt_url`, `thumbnail`, `subtitles`, `stack`, `methodology`, `ia_type`, `status`, `created_at`, `director_id`) VALUES (32, 'Keep Dancing', 'Keep Dancing EN', 'Un court-métrage captivant réalisé par Felipe Valério dans le cadre du festival MarsAI, illustrant notre relation avec les technologies futures.', 'A captivating short film directed by Felipe Valério for the MarsAI Festival, depicting our relationship with future technologies.', 60, 'Anglais', 'https://www.youtube.com/watch?v=vMAl1rEQ2Xs', 'https://img.youtube.com/vi/vMAl1rEQ2Xs/maxresdefault.jpg', 'Français', 'Runway Gen-2, Stable Diffusion, Claude', 'Animation d''images fixes générées par IA', 'Hybride', 'approved', NOW(), 131);
INSERT INTO `image` (`id`, `url`, `created_at`, `movie_id`) VALUES (63, 'https://images.unsplash.com/photo-1620712943543-bcc4628c9457?q=80&w=1280', NOW(), 32);
INSERT INTO `image` (`id`, `url`, `created_at`, `movie_id`) VALUES (64, 'https://images.unsplash.com/photo-1451187580459-43490279c0fa?q=80&w=1280', NOW(), 32);
INSERT INTO `movie` (`id`, `title`, `title_en`, `synopsis_fr`, `synopsis_en`, `duration`, `main_language`, `yt_url`, `thumbnail`, `subtitles`, `stack`, `methodology`, `ia_type`, `status`, `created_at`, `director_id`) VALUES (33, 'Class of 2084', 'Class of 2084 EN', 'Une vision fascinante et optimiste du futur, imaginée par mr.press presotto, où la technologie et l''humanité s''unissent pour construire un monde meilleur.', 'A fascinating and optimistic vision of the future, imagined by mr.press presotto, where technology and humanity unite to build a better world.', 60, 'Anglais', 'https://www.youtube.com/watch?v=Wfp3J07Cfxc', 'https://img.youtube.com/vi/Wfp3J07Cfxc/maxresdefault.jpg', 'Français', 'Kling AI, Luma Dream Machine, ChatGPT', 'Interpolation temporelle et écriture de script par IA', '100% IA', 'approved', NOW(), 132);
INSERT INTO `image` (`id`, `url`, `created_at`, `movie_id`) VALUES (65, 'https://images.unsplash.com/photo-1620712943543-bcc4628c9457?q=80&w=1280', NOW(), 33);
INSERT INTO `image` (`id`, `url`, `created_at`, `movie_id`) VALUES (66, 'https://images.unsplash.com/photo-1451187580459-43490279c0fa?q=80&w=1280', NOW(), 33);
INSERT INTO `movie` (`id`, `title`, `title_en`, `synopsis_fr`, `synopsis_en`, `duration`, `main_language`, `yt_url`, `thumbnail`, `subtitles`, `stack`, `methodology`, `ia_type`, `status`, `created_at`, `director_id`) VALUES (34, 'All of us', 'All of us EN', 'Un court-métrage captivant réalisé par Elena M L Albanese dans le cadre du festival MarsAI, illustrant notre relation avec les technologies futures.', 'A captivating short film directed by Elena M L Albanese for the MarsAI Festival, depicting our relationship with future technologies.', 60, 'Français', 'https://www.youtube.com/watch?v=6ZmOZubdzq4', 'https://img.youtube.com/vi/6ZmOZubdzq4/maxresdefault.jpg', 'Anglais', 'Midjourney, Pika Labs, Leonardo.ai', 'Génération de plans hybrides et colorisation', 'Hybride', 'approved', NOW(), 133);
INSERT INTO `image` (`id`, `url`, `created_at`, `movie_id`) VALUES (67, 'https://images.unsplash.com/photo-1620712943543-bcc4628c9457?q=80&w=1280', NOW(), 34);
INSERT INTO `image` (`id`, `url`, `created_at`, `movie_id`) VALUES (68, 'https://images.unsplash.com/photo-1451187580459-43490279c0fa?q=80&w=1280', NOW(), 34);
INSERT INTO `movie` (`id`, `title`, `title_en`, `synopsis_fr`, `synopsis_en`, `duration`, `main_language`, `yt_url`, `thumbnail`, `subtitles`, `stack`, `methodology`, `ia_type`, `status`, `created_at`, `director_id`) VALUES (35, 'IMPENDING STORM', 'IMPENDING STORM EN', 'Un court-métrage captivant réalisé par JEAN-BAPTISTE LEFOURNIER dans le cadre du festival MarsAI, illustrant notre relation avec les technologies futures.', 'A captivating short film directed by JEAN-BAPTISTE LEFOURNIER for the MarsAI Festival, depicting our relationship with future technologies.', 60, 'Français', 'https://www.youtube.com/watch?v=_CMlLU_kcQI', 'https://img.youtube.com/vi/_CMlLU_kcQI/maxresdefault.jpg', 'Anglais', 'Sora, Kaiber, Adobe Firefly', 'Stylisation neuronale et montage assisté', '100% IA', 'approved', NOW(), 134);
INSERT INTO `image` (`id`, `url`, `created_at`, `movie_id`) VALUES (69, 'https://images.unsplash.com/photo-1620712943543-bcc4628c9457?q=80&w=1280', NOW(), 35);
INSERT INTO `image` (`id`, `url`, `created_at`, `movie_id`) VALUES (70, 'https://images.unsplash.com/photo-1451187580459-43490279c0fa?q=80&w=1280', NOW(), 35);
INSERT INTO `movie` (`id`, `title`, `title_en`, `synopsis_fr`, `synopsis_en`, `duration`, `main_language`, `yt_url`, `thumbnail`, `subtitles`, `stack`, `methodology`, `ia_type`, `status`, `created_at`, `director_id`) VALUES (36, 'NATURE RESERVE', 'NATURE RESERVE EN', 'Dans un monde menacé par le changement climatique, ce film poétique réalisé par Jean-Baptiste COURSAULT explore la renaissance de la nature à travers le regard de l''intelligence artificielle.', 'In a world threatened by climate change, this poetic film directed by Jean-Baptiste COURSAULT explores the rebirth of nature through the lens of artificial intelligence.', 60, 'Français', 'https://www.youtube.com/watch?v=acjCRPEi284', 'https://img.youtube.com/vi/acjCRPEi284/maxresdefault.jpg', 'Anglais', 'Sora, Midjourney, ElevenLabs', 'Génération texte-vers-vidéo et voix off', '100% IA', 'approved', NOW(), 135);
INSERT INTO `image` (`id`, `url`, `created_at`, `movie_id`) VALUES (71, 'https://images.unsplash.com/photo-1620712943543-bcc4628c9457?q=80&w=1280', NOW(), 36);
INSERT INTO `image` (`id`, `url`, `created_at`, `movie_id`) VALUES (72, 'https://images.unsplash.com/photo-1451187580459-43490279c0fa?q=80&w=1280', NOW(), 36);
INSERT INTO `movie` (`id`, `title`, `title_en`, `synopsis_fr`, `synopsis_en`, `duration`, `main_language`, `yt_url`, `thumbnail`, `subtitles`, `stack`, `methodology`, `ia_type`, `status`, `created_at`, `director_id`) VALUES (37, 'Present Now, Present WOW!', 'Present Now, Present WOW! EN', 'Un court-métrage captivant réalisé par Kenneth Russo dans le cadre du festival MarsAI, illustrant notre relation avec les technologies futures.', 'A captivating short film directed by Kenneth Russo for the MarsAI Festival, depicting our relationship with future technologies.', 60, 'Anglais', 'https://www.youtube.com/watch?v=qvxnmmL6Wrg', 'https://img.youtube.com/vi/qvxnmmL6Wrg/maxresdefault.jpg', 'Français', 'Runway Gen-2, Stable Diffusion, Claude', 'Animation d''images fixes générées par IA', 'Hybride', 'approved', NOW(), 136);
INSERT INTO `image` (`id`, `url`, `created_at`, `movie_id`) VALUES (73, 'https://images.unsplash.com/photo-1620712943543-bcc4628c9457?q=80&w=1280', NOW(), 37);
INSERT INTO `image` (`id`, `url`, `created_at`, `movie_id`) VALUES (74, 'https://images.unsplash.com/photo-1451187580459-43490279c0fa?q=80&w=1280', NOW(), 37);
INSERT INTO `movie` (`id`, `title`, `title_en`, `synopsis_fr`, `synopsis_en`, `duration`, `main_language`, `yt_url`, `thumbnail`, `subtitles`, `stack`, `methodology`, `ia_type`, `status`, `created_at`, `director_id`) VALUES (38, 'The Last Seer', 'The Last Seer EN', 'Un court-métrage captivant réalisé par Cristián Parodi dans le cadre du festival MarsAI, illustrant notre relation avec les technologies futures.', 'A captivating short film directed by Cristián Parodi for the MarsAI Festival, depicting our relationship with future technologies.', 60, 'Anglais', 'https://www.youtube.com/watch?v=YmWwMDbgtxc', 'https://img.youtube.com/vi/YmWwMDbgtxc/maxresdefault.jpg', 'Français', 'Kling AI, Luma Dream Machine, ChatGPT', 'Interpolation temporelle et écriture de script par IA', '100% IA', 'approved', NOW(), 137);
INSERT INTO `image` (`id`, `url`, `created_at`, `movie_id`) VALUES (75, 'https://images.unsplash.com/photo-1620712943543-bcc4628c9457?q=80&w=1280', NOW(), 38);
INSERT INTO `image` (`id`, `url`, `created_at`, `movie_id`) VALUES (76, 'https://images.unsplash.com/photo-1451187580459-43490279c0fa?q=80&w=1280', NOW(), 38);
INSERT INTO `movie` (`id`, `title`, `title_en`, `synopsis_fr`, `synopsis_en`, `duration`, `main_language`, `yt_url`, `thumbnail`, `subtitles`, `stack`, `methodology`, `ia_type`, `status`, `created_at`, `director_id`) VALUES (39, 'Prédictable', 'Prédictable EN', 'Un court-métrage captivant réalisé par SYLVAIN BOÏDO dans le cadre du festival MarsAI, illustrant notre relation avec les technologies futures.', 'A captivating short film directed by SYLVAIN BOÏDO for the MarsAI Festival, depicting our relationship with future technologies.', 60, 'Français', 'https://www.youtube.com/watch?v=B5xrOivl1bE', 'https://img.youtube.com/vi/B5xrOivl1bE/maxresdefault.jpg', 'Anglais', 'Midjourney, Pika Labs, Leonardo.ai', 'Génération de plans hybrides et colorisation', 'Hybride', 'approved', NOW(), 138);
INSERT INTO `image` (`id`, `url`, `created_at`, `movie_id`) VALUES (77, 'https://images.unsplash.com/photo-1620712943543-bcc4628c9457?q=80&w=1280', NOW(), 39);
INSERT INTO `image` (`id`, `url`, `created_at`, `movie_id`) VALUES (78, 'https://images.unsplash.com/photo-1451187580459-43490279c0fa?q=80&w=1280', NOW(), 39);
INSERT INTO `movie` (`id`, `title`, `title_en`, `synopsis_fr`, `synopsis_en`, `duration`, `main_language`, `yt_url`, `thumbnail`, `subtitles`, `stack`, `methodology`, `ia_type`, `status`, `created_at`, `director_id`) VALUES (40, 'YANDAYE: Peace', 'YANDAYE: Peace EN', 'Un court-métrage captivant réalisé par Dramane TRAORE dans le cadre du festival MarsAI, illustrant notre relation avec les technologies futures.', 'A captivating short film directed by Dramane TRAORE for the MarsAI Festival, depicting our relationship with future technologies.', 60, 'Anglais', 'https://www.youtube.com/watch?v=hiG8Z15aikg', 'https://img.youtube.com/vi/hiG8Z15aikg/maxresdefault.jpg', 'Français', 'Sora, Kaiber, Adobe Firefly', 'Stylisation neuronale et montage assisté', '100% IA', 'approved', NOW(), 139);
INSERT INTO `image` (`id`, `url`, `created_at`, `movie_id`) VALUES (79, 'https://images.unsplash.com/photo-1620712943543-bcc4628c9457?q=80&w=1280', NOW(), 40);
INSERT INTO `image` (`id`, `url`, `created_at`, `movie_id`) VALUES (80, 'https://images.unsplash.com/photo-1451187580459-43490279c0fa?q=80&w=1280', NOW(), 40);
INSERT INTO `movie` (`id`, `title`, `title_en`, `synopsis_fr`, `synopsis_en`, `duration`, `main_language`, `yt_url`, `thumbnail`, `subtitles`, `stack`, `methodology`, `ia_type`, `status`, `created_at`, `director_id`) VALUES (41, 'The Raven & the Fox', 'The Raven & the Fox EN', 'Un court-métrage captivant réalisé par Antoni Korzeniowski dans le cadre du festival MarsAI, illustrant notre relation avec les technologies futures.', 'A captivating short film directed by Antoni Korzeniowski for the MarsAI Festival, depicting our relationship with future technologies.', 60, 'Anglais', 'https://www.youtube.com/watch?v=gfjkRuB_Mqw', 'https://img.youtube.com/vi/gfjkRuB_Mqw/maxresdefault.jpg', 'Français', 'Sora, Midjourney, ElevenLabs', 'Génération texte-vers-vidéo et voix off', '100% IA', 'approved', NOW(), 140);
INSERT INTO `image` (`id`, `url`, `created_at`, `movie_id`) VALUES (81, 'https://images.unsplash.com/photo-1620712943543-bcc4628c9457?q=80&w=1280', NOW(), 41);
INSERT INTO `image` (`id`, `url`, `created_at`, `movie_id`) VALUES (82, 'https://images.unsplash.com/photo-1451187580459-43490279c0fa?q=80&w=1280', NOW(), 41);
INSERT INTO `movie` (`id`, `title`, `title_en`, `synopsis_fr`, `synopsis_en`, `duration`, `main_language`, `yt_url`, `thumbnail`, `subtitles`, `stack`, `methodology`, `ia_type`, `status`, `created_at`, `director_id`) VALUES (42, 'BRINGING UP A HERO', 'BRINGING UP A HERO EN', 'Un court-métrage captivant réalisé par Lionel PAYET PIGEON dans le cadre du festival MarsAI, illustrant notre relation avec les technologies futures.', 'A captivating short film directed by Lionel PAYET PIGEON for the MarsAI Festival, depicting our relationship with future technologies.', 60, 'Français', 'https://www.youtube.com/watch?v=ZGSUEh5M4nc', 'https://img.youtube.com/vi/ZGSUEh5M4nc/maxresdefault.jpg', 'Anglais', 'Runway Gen-2, Stable Diffusion, Claude', 'Animation d''images fixes générées par IA', 'Hybride', 'approved', NOW(), 141);
INSERT INTO `image` (`id`, `url`, `created_at`, `movie_id`) VALUES (83, 'https://images.unsplash.com/photo-1620712943543-bcc4628c9457?q=80&w=1280', NOW(), 42);
INSERT INTO `image` (`id`, `url`, `created_at`, `movie_id`) VALUES (84, 'https://images.unsplash.com/photo-1451187580459-43490279c0fa?q=80&w=1280', NOW(), 42);
INSERT INTO `movie` (`id`, `title`, `title_en`, `synopsis_fr`, `synopsis_en`, `duration`, `main_language`, `yt_url`, `thumbnail`, `subtitles`, `stack`, `methodology`, `ia_type`, `status`, `created_at`, `director_id`) VALUES (43, 'ANTIKA', 'ANTIKA EN', 'Un court-métrage captivant réalisé par Oluwaseyi Oso dans le cadre du festival MarsAI, illustrant notre relation avec les technologies futures.', 'A captivating short film directed by Oluwaseyi Oso for the MarsAI Festival, depicting our relationship with future technologies.', 60, 'Anglais', 'https://www.youtube.com/watch?v=GGMPlzmM_Wk', 'https://img.youtube.com/vi/GGMPlzmM_Wk/maxresdefault.jpg', 'Français', 'Kling AI, Luma Dream Machine, ChatGPT', 'Interpolation temporelle et écriture de script par IA', '100% IA', 'approved', NOW(), 142);
INSERT INTO `image` (`id`, `url`, `created_at`, `movie_id`) VALUES (85, 'https://images.unsplash.com/photo-1620712943543-bcc4628c9457?q=80&w=1280', NOW(), 43);
INSERT INTO `image` (`id`, `url`, `created_at`, `movie_id`) VALUES (86, 'https://images.unsplash.com/photo-1451187580459-43490279c0fa?q=80&w=1280', NOW(), 43);
INSERT INTO `movie` (`id`, `title`, `title_en`, `synopsis_fr`, `synopsis_en`, `duration`, `main_language`, `yt_url`, `thumbnail`, `subtitles`, `stack`, `methodology`, `ia_type`, `status`, `created_at`, `director_id`) VALUES (44, 'Family Dinner', 'Family Dinner EN', 'Une exploration intime et philosophique des relations humaines et du sentiment d''appartenance à l''ère du numérique, par Christar Wan.', 'An intimate and philosophical exploration of human relationships and the sense of belonging in the digital age, by Christar Wan.', 60, 'Anglais', 'https://www.youtube.com/watch?v=m3e3OseCZls', 'https://img.youtube.com/vi/m3e3OseCZls/maxresdefault.jpg', 'Français', 'Midjourney, Pika Labs, Leonardo.ai', 'Génération de plans hybrides et colorisation', 'Hybride', 'approved', NOW(), 143);
INSERT INTO `image` (`id`, `url`, `created_at`, `movie_id`) VALUES (87, 'https://images.unsplash.com/photo-1620712943543-bcc4628c9457?q=80&w=1280', NOW(), 44);
INSERT INTO `image` (`id`, `url`, `created_at`, `movie_id`) VALUES (88, 'https://images.unsplash.com/photo-1451187580459-43490279c0fa?q=80&w=1280', NOW(), 44);
INSERT INTO `movie` (`id`, `title`, `title_en`, `synopsis_fr`, `synopsis_en`, `duration`, `main_language`, `yt_url`, `thumbnail`, `subtitles`, `stack`, `methodology`, `ia_type`, `status`, `created_at`, `director_id`) VALUES (45, 'Picor phases out plastics', 'Picor phases out plastics EN', 'Un court-métrage captivant réalisé par Hermione Granger dans le cadre du festival MarsAI, illustrant notre relation avec les technologies futures.', 'A captivating short film directed by Hermione Granger for the MarsAI Festival, depicting our relationship with future technologies.', 60, 'Français', 'https://www.youtube.com/watch?v=3CIhwJgocMY', 'https://img.youtube.com/vi/3CIhwJgocMY/maxresdefault.jpg', 'Anglais', 'Sora, Kaiber, Adobe Firefly', 'Stylisation neuronale et montage assisté', '100% IA', 'approved', NOW(), 144);
INSERT INTO `image` (`id`, `url`, `created_at`, `movie_id`) VALUES (89, 'https://images.unsplash.com/photo-1620712943543-bcc4628c9457?q=80&w=1280', NOW(), 45);
INSERT INTO `image` (`id`, `url`, `created_at`, `movie_id`) VALUES (90, 'https://images.unsplash.com/photo-1451187580459-43490279c0fa?q=80&w=1280', NOW(), 45);
INSERT INTO `movie` (`id`, `title`, `title_en`, `synopsis_fr`, `synopsis_en`, `duration`, `main_language`, `yt_url`, `thumbnail`, `subtitles`, `stack`, `methodology`, `ia_type`, `status`, `created_at`, `director_id`) VALUES (46, 'Invent Yourself', 'Invent Yourself EN', 'Un court-métrage captivant réalisé par mike bennion dans le cadre du festival MarsAI, illustrant notre relation avec les technologies futures.', 'A captivating short film directed by mike bennion for the MarsAI Festival, depicting our relationship with future technologies.', 60, 'Anglais', 'https://www.youtube.com/watch?v=5huMKOLg2PY', 'https://img.youtube.com/vi/5huMKOLg2PY/maxresdefault.jpg', 'Français', 'Sora, Midjourney, ElevenLabs', 'Génération texte-vers-vidéo et voix off', '100% IA', 'approved', NOW(), 145);
INSERT INTO `image` (`id`, `url`, `created_at`, `movie_id`) VALUES (91, 'https://images.unsplash.com/photo-1620712943543-bcc4628c9457?q=80&w=1280', NOW(), 46);
INSERT INTO `image` (`id`, `url`, `created_at`, `movie_id`) VALUES (92, 'https://images.unsplash.com/photo-1451187580459-43490279c0fa?q=80&w=1280', NOW(), 46);
INSERT INTO `movie` (`id`, `title`, `title_en`, `synopsis_fr`, `synopsis_en`, `duration`, `main_language`, `yt_url`, `thumbnail`, `subtitles`, `stack`, `methodology`, `ia_type`, `status`, `created_at`, `director_id`) VALUES (47, 'Legacy', 'Legacy EN', 'Un court-métrage captivant réalisé par Salagean Sergiu dans le cadre du festival MarsAI, illustrant notre relation avec les technologies futures.', 'A captivating short film directed by Salagean Sergiu for the MarsAI Festival, depicting our relationship with future technologies.', 60, 'Anglais', 'https://www.youtube.com/watch?v=qAZlspmpYSc', 'https://img.youtube.com/vi/qAZlspmpYSc/maxresdefault.jpg', 'Français', 'Runway Gen-2, Stable Diffusion, Claude', 'Animation d''images fixes générées par IA', 'Hybride', 'approved', NOW(), 146);
INSERT INTO `image` (`id`, `url`, `created_at`, `movie_id`) VALUES (93, 'https://images.unsplash.com/photo-1620712943543-bcc4628c9457?q=80&w=1280', NOW(), 47);
INSERT INTO `image` (`id`, `url`, `created_at`, `movie_id`) VALUES (94, 'https://images.unsplash.com/photo-1451187580459-43490279c0fa?q=80&w=1280', NOW(), 47);
INSERT INTO `movie` (`id`, `title`, `title_en`, `synopsis_fr`, `synopsis_en`, `duration`, `main_language`, `yt_url`, `thumbnail`, `subtitles`, `stack`, `methodology`, `ia_type`, `status`, `created_at`, `director_id`) VALUES (48, 'GOOD BOY PROTOCOL', 'GOOD BOY PROTOCOL EN', 'Une comédie satirique et décalée signée Michael McCloud, mettant en scène des personnages atypiques dans un monde futuriste régenté par des algorithmes absurdes.', 'A satirical and offbeat comedy by Michael McCloud, featuring atypical characters in a futuristic world governed by absurd algorithms.', 60, 'Anglais', 'https://www.youtube.com/watch?v=AVzgDWqM7T0', 'https://img.youtube.com/vi/AVzgDWqM7T0/maxresdefault.jpg', 'Français', 'Kling AI, Luma Dream Machine, ChatGPT', 'Interpolation temporelle et écriture de script par IA', '100% IA', 'approved', NOW(), 147);
INSERT INTO `image` (`id`, `url`, `created_at`, `movie_id`) VALUES (95, 'https://images.unsplash.com/photo-1620712943543-bcc4628c9457?q=80&w=1280', NOW(), 48);
INSERT INTO `image` (`id`, `url`, `created_at`, `movie_id`) VALUES (96, 'https://images.unsplash.com/photo-1451187580459-43490279c0fa?q=80&w=1280', NOW(), 48);
INSERT INTO `movie` (`id`, `title`, `title_en`, `synopsis_fr`, `synopsis_en`, `duration`, `main_language`, `yt_url`, `thumbnail`, `subtitles`, `stack`, `methodology`, `ia_type`, `status`, `created_at`, `director_id`) VALUES (49, 'One Giant Leap', 'One Giant Leap EN', 'Une vision fascinante et optimiste du futur, imaginée par Charles Normsaskul, où la technologie et l''humanité s''unissent pour construire un monde meilleur.', 'A fascinating and optimistic vision of the future, imagined by Charles Normsaskul, where technology and humanity unite to build a better world.', 60, 'Anglais', 'https://www.youtube.com/watch?v=MK-pMewmmLo', 'https://img.youtube.com/vi/MK-pMewmmLo/maxresdefault.jpg', 'Français', 'Midjourney, Pika Labs, Leonardo.ai', 'Génération de plans hybrides et colorisation', 'Hybride', 'approved', NOW(), 148);
INSERT INTO `image` (`id`, `url`, `created_at`, `movie_id`) VALUES (97, 'https://images.unsplash.com/photo-1620712943543-bcc4628c9457?q=80&w=1280', NOW(), 49);
INSERT INTO `image` (`id`, `url`, `created_at`, `movie_id`) VALUES (98, 'https://images.unsplash.com/photo-1451187580459-43490279c0fa?q=80&w=1280', NOW(), 49);
INSERT INTO `movie` (`id`, `title`, `title_en`, `synopsis_fr`, `synopsis_en`, `duration`, `main_language`, `yt_url`, `thumbnail`, `subtitles`, `stack`, `methodology`, `ia_type`, `status`, `created_at`, `director_id`) VALUES (50, 'the_future_is_already_here', 'the_future_is_already_here EN', 'Une vision fascinante et optimiste du futur, imaginée par Remi Decoster, où la technologie et l''humanité s''unissent pour construire un monde meilleur.', 'A fascinating and optimistic vision of the future, imagined by Remi Decoster, where technology and humanity unite to build a better world.', 60, 'Français', 'https://www.youtube.com/watch?v=ODtLTt3Kxgw', 'https://img.youtube.com/vi/ODtLTt3Kxgw/maxresdefault.jpg', 'Anglais', 'Sora, Kaiber, Adobe Firefly', 'Stylisation neuronale et montage assisté', '100% IA', 'approved', NOW(), 149);
INSERT INTO `image` (`id`, `url`, `created_at`, `movie_id`) VALUES (99, 'https://images.unsplash.com/photo-1620712943543-bcc4628c9457?q=80&w=1280', NOW(), 50);
INSERT INTO `image` (`id`, `url`, `created_at`, `movie_id`) VALUES (100, 'https://images.unsplash.com/photo-1451187580459-43490279c0fa?q=80&w=1280', NOW(), 50);